{
  "created_at": "2026-02-08T05:52:27Z",
  "algorithm": "kmeans",
  "config": {
    "k": 5,
    "n_init": 30,
    "max_iters": 120,
    "seed": 42,
    "followup_threshold": 0.55
  },
  "feature_space": {
    "continuous_features": [
      "age",
      "resting_hr_mean",
      "hrv_sdnn_mean",
      "sit_hr_mean",
      "stand_hr_mean",
      "delta_hr_stand_minus_sit",
      "sit_sbp_mean",
      "stand_sbp_mean",
      "delta_sbp_stand_minus_sit"
    ],
    "indicator_features": [
      "resting_hr_mean_missing",
      "hrv_sdnn_mean_missing",
      "sit_hr_mean_missing",
      "stand_hr_mean_missing",
      "delta_hr_stand_minus_sit_missing",
      "sit_sbp_mean_missing",
      "stand_sbp_mean_missing",
      "delta_sbp_stand_minus_sit_missing"
    ],
    "all_features": [
      "age",
      "resting_hr_mean",
      "hrv_sdnn_mean",
      "sit_hr_mean",
      "stand_hr_mean",
      "delta_hr_stand_minus_sit",
      "sit_sbp_mean",
      "stand_sbp_mean",
      "delta_sbp_stand_minus_sit",
      "resting_hr_mean_missing",
      "hrv_sdnn_mean_missing",
      "sit_hr_mean_missing",
      "stand_hr_mean_missing",
      "delta_hr_stand_minus_sit_missing",
      "sit_sbp_mean_missing",
      "stand_sbp_mean_missing",
      "delta_sbp_stand_minus_sit_missing"
    ]
  },
  "preprocess": {
    "medians": {
      "age": 67.0,
      "resting_hr_mean": 66.1936254206,
      "hrv_sdnn_mean": 0.097839,
      "sit_hr_mean": 72.47567225,
      "stand_hr_mean": 77.96320525499999,
      "delta_hr_stand_minus_sit": 5.406499999999999,
      "sit_sbp_mean": 134.03769565,
      "stand_sbp_mean": 133.17488600000001,
      "delta_sbp_stand_minus_sit": 0.8594999999999999
    },
    "means": [
      67.58677685950413,
      66.53741766401984,
      0.10127535289256198,
      74.17731238685951,
      80.16508522971074,
      5.944235537190083,
      132.92854350991735,
      132.96106038214876,
      0.9577148760330578,
      0.4380165289256198,
      0.4628099173553719,
      0.5371900826446281,
      0.5371900826446281,
      0.5371900826446281,
      0.5371900826446281,
      0.5371900826446281,
      0.5371900826446281
    ],
    "stds": [
      7.693154004502001,
      7.752284823630149,
      0.023166874967340954,
      15.889768527796276,
      18.929869458674347,
      3.633734569529668,
      13.340425904270884,
      15.838564278015115,
      5.326468743561943,
      0.4961431742083846,
      0.49861497947102,
      0.49861497947102,
      0.49861497947102,
      0.49861497947102,
      0.49861497947102,
      0.49861497947102,
      0.49861497947102
    ]
  },
  "centroids": [
    [
      0.06171221865004993,
      -0.043935227885346366,
      0.027156985693595693,
      -0.10709030366822513,
      -0.1163177580023813,
      -0.14798426437065965,
      0.08314218361855696,
      0.01350031569136978,
      -0.01843902231694674,
      0.7606032010036229,
      0.7071081145682578,
      0.9281909617845154,
      0.9281909617845154,
      0.9281909617845154,
      0.9281909617845154,
      0.9281909617845154,
      0.9281909617845154
    ],
    [
      -0.10412667851456801,
      -0.6373261258643593,
      0.36913622721145467,
      -0.27948788154047977,
      -0.16422197175498027,
      0.3786286161125486,
      -1.8679036534313158,
      -1.7811102305091036,
      -0.791666394306975,
      -0.8828430011649199,
      -0.7849369995703226,
      -1.0773645092141686,
      -1.0773645092141686,
      -1.0773645092141686,
      -1.0773645092141686,
      -1.0773645092141686,
      -1.0773645092141686
    ],
    [
      -0.466229696871421,
      -0.3739877707643626,
      -0.7812686397314039,
      6.297199728750094,
      6.442608095451172,
      6.037938116555869,
      -1.5231259260929781,
      -1.0814902273639282,
      0.42519448306241703,
      -0.8828430011649196,
      -0.9281909617845143,
      -1.0773645092141684,
      -1.0773645092141684,
      -1.0773645092141684,
      -1.0773645092141684,
      -1.0773645092141684,
      -1.0773645092141684
    ],
    [
      0.028953917975557474,
      -0.21983223595871923,
      0.40327754407713645,
      -0.474823419583863,
      -0.48394859518788524,
      -0.43282174760427317,
      1.107892684768284,
      1.4258251606361245,
      1.2912958584507388,
      -0.8828430011649198,
      -0.9281909617845145,
      -1.0773645092141682,
      -1.0773645092141682,
      -1.0773645092141682,
      -1.0773645092141682,
      -1.0773645092141682,
      -1.0773645092141682
    ],
    [
      -0.11732071562068812,
      0.9022530563847511,
      -0.7283895998526921,
      0.43424170704011766,
      0.3756561148825123,
      0.07008194868921995,
      0.027732351836012553,
      -0.19585922165485575,
      -0.8255650538258507,
      -0.8828430011649199,
      -0.7170798595741266,
      -1.0773645092141684,
      -1.0773645092141684,
      -1.0773645092141684,
      -1.0773645092141684,
      -1.0773645092141684,
      -1.0773645092141684
    ]
  ],
  "train_inertia": 649.9350875242299,
  "cluster_label_counts": [
    {
      "normal": 46,
      "oh_like": 11,
      "vvs_like": 8
    },
    {
      "normal": 6,
      "oh_like": 6,
      "vvs_like": 2
    },
    {
      "oh_like": 2
    },
    {
      "normal": 9,
      "oh_like": 9,
      "vvs_like": 3
    },
    {
      "ist_like": 1,
      "normal": 13,
      "oh_like": 3,
      "vvs_like": 2
    }
  ],
  "cluster_purity": {
    "0": 0.7076923076923077,
    "1": 0.42857142857142855,
    "2": 1.0,
    "3": 0.42857142857142855,
    "4": 0.6842105263157895
  },
  "cluster_followup_rates": {
    "0": 0.2923076923076923,
    "1": 0.5714285714285714,
    "2": 1.0,
    "3": 0.5714285714285714,
    "4": 0.3157894736842105
  },
  "cluster_hint_map": {
    "0": "normal",
    "1": "oh_like",
    "2": "oh_like",
    "3": "oh_like",
    "4": "normal"
  },
  "cluster_status_map": {
    "0": "normal",
    "1": "needs_followup",
    "2": "needs_followup",
    "3": "needs_followup",
    "4": "normal"
  }
}